0|55642.4565,655602.158|236.676,187.3267|362.0
1|243196.4824,729136.0059|538.3053,-572.3759|364.0
2|147531.5568,483841.7838|833.1571,109.9938|466.0
3|116093.5041,335733.9667|837.6722,-45.8719|336.0
4|56988.1644,-10711.0136|605.4281,-373.9092|461.0
5|469560.6999,982562.9923|13.3331,-517.9183|499.0
6|197964.9319,698900.4574|-10.4002,184.2699|389.0
7|396064.3613,499560.7643|680.5676,-295.8941|397.0
8|276743.0039,336345.3081|798.0257,75.5544|479.0
9|419564.5734,656363.0386|491.918,-422.1527|414.0
10|577203.2482,944172.3721|373.4247,-162.7146|408.0
11|147492.5764,999826.1977|536.6075,-568.952|402.0
12|618908.3532,519196.3113|239.7266,276.5544|466.0
13|-377827.3486,203056.3549|81.3154,-429.3101|308.0
14|325299.6282,319592.9241|218.6302,318.0458|397.0
15|20574.4707,401052.9487|600.2522,-70.1868|372.0
16|84214.2785,558198.5317|850.4187,245.3105|403.0
17|327386.0396,368673.473|76.5973,-263.5185|358.0
18|647328.2707,443716.6073|567.4136,-620.0376|465.0
19|231758.8316,952109.7969|-82.3186,40.7447|391.0
20|610671.5561,513434.1467|215.3394,-247.0489|497.0
21|346269.1744,511058.508|255.9624,-517.0267|452.0
22|206949.6881,849578.8454|728.0057,-398.5144|362.0
23|615465.4969,619323.1604|88.482,-411.2932|499.0
24|58458.7627,805490.1624|321.9466,-501.848|404.0
25|-75648.5832,866627.3545|387.6192,-213.7612|477.0
26|723801.0869,730876.1127|74.0345,-345.9511|357.0
27|315019.272,747224.5495|-35.2839,182.2941|404.0
28|178213.557,814098.1832|415.1435,-462.957|345.0
29|685641.3836,627632.9588|803.0048,-72.989|480.0
30|135920.3822,519296.4044|489.1795,-389.2151|302.0
31|244647.0888,936902.974|213.1093,179.8884|348.0
32|307964.8803,514847.7546|687.5097,30.5046|442.0
33|87461.5336,843809.9264|23.9592,-119.8657|389.0
34|-44910.7556,536494.3765|174.4333,35.1717|414.0
35|833275.2207,347142.2288|130.4621,125.1877|453.0
36|404827.3765,555054.8278|836.4442,-158.4737|353.0
37|186657.4595,777253.291|96.5502,-23.4538|476.0
38|45885.8172,590342.5921|364.1729,266.602|463.0
39|479188.1511,560660.2394|-163.1668,-408.9615|384.0
40|574075.2614,664263.9842|198.6001,-11.114|454.0
41|105362.3459,515452.8704|-129.426,-179.2214|466.0
42|9957.6235,433530.4286|779.8956,271.3551|444.0
43|194643.8179,902800.189|776.4564,54.9923|301.0
44|207565.1579,446077.5492|883.2843,-575.5121|397.0
45|-227824.9058,489754.2266|21.4264,311.0837|304.0
46|582413.3276,380575.9072|161.3647,-90.2513|427.0
47|311329.5327,653036.5316|16.2484,-66.198|472.0
48|480451.1757,717316.665|561.1529,-210.9023|300.0
49|318250.1075,459419.1624|205.1823,300.8866|328.0
50|401776.6104,638168.7094|905.3942,220.565|389.0
51|-149953.4051,707325.7122|357.1923,-213.5477|321.0
52|482507.2324,800167.4985|-71.1571,77.469|477.0
53|-31454.8319,632785.1163|325.5519,-305.8188|376.0
54|324506.1593,359709.1375|158.4109,-617.9027|371.0
55|347364.6469,813803.7817|774.0074,320.0642|359.0
56|726462.3322,787713.9677|547.7755,-468.9257|496.0
57|487675.4202,1041570.092|330.1266,-356.7613|468.0
58|311916.1747,958601.3403|546.4505,-77.9265|381.0
59|906900.6651,898815.5343|448.3442,2.1988|356.0
60|323198.9752,1019442.1153|353.7781,164.5552|343.0
61|429873.3692,431848.6962|125.8045,119.7336|330.0
62|48904.75,440220.7803|802.1412,4.056|309.0
63|155424.3078,907636.8315|-125.1018,-157.6933|445.0
64|405442.61,1141945.962|487.5237,252.7486|344.0
65|-101218.3896,526630.7138|78.0687,-10.1203|364.0
66|220702.3679,223664.9941|328.3982,-162.9515|444.0
67|-36935.2026,223391.9706|-14.1229,2.1961|374.0
68|-64529.8401,206139.337|302.1177,-446.8|399.0
69|60407.0191,772213.6059|-168.945,-552.7588|342.0
70|205364.0803,392734.706|-181.3326,-328.2949|356.0
71|449990.565,686297.2143|305.4808,98.8382|452.0
72|132688.1721,600439.2014|201.1224,296.7368|392.0
73|269676.7487,634895.5509|879.6367,-4.9593|361.0
74|368930.5368,295384.4539|715.9092,-394.2912|476.0
75|613452.1645,578932.5014|385.5175,-173.7276|313.0
76|224878.8332,429658.5931|262.8931,-118.5044|413.0
77|261286.4415,1034501.0272|756.0707,-465.5329|447.0
78|302262.2664,513191.5959|812.4335,-135.7679|305.0
79|-20520.3711,659265.0034|23.7227,-207.0768|489.0
80|202866.7951,1024506.3501|96.3934,-299.7347|300.0
81|206308.8769,666083.894|262.2303,-308.9831|439.0
82|395196.3309,86863.2945|-56.1618,-589.7505|333.0
83|302278.0808,770324.409|604.6948,-146.7779|318.0
84|237263.9037,750045.6377|-32.385,-311.2809|464.0
85|253853.1711,905695.25|836.4976,13.0055|468.0
86|906705.9912,513663.3528|483.8882,26.045|404.0
87|372827.8892,1063379.7941|458.0437,-426.5044|359.0
88|246325.956,642808.5453|746.4969,-200.1402|418.0
89|107486.9664,816943.0696|671.9267,-109.8513|475.0
90|224380.3276,655724.4862|30.6806,-341.9733|487.0
91|395966.9717,664184.8936|779.6008,257.2356|302.0
92|235453.1318,490940.6006|305.6669,-433.7312|446.0
93|-86400.057,1028042.8447|478.3147,-587.796|349.0
94|617966.8846,694831.9795|909.3723,303.3755|371.0
95|506180.5093,124092.1354|415.7808,-339.495|410.0
96|581777.8726,627994.9761|-157.8258,-146.7569|497.0
97|498126.8927,366657.3887|746.5599,-118.6202|453.0
98|562414.2406,548129.5728|-83.7391,303.3853|372.0
99|618752.5159,778319.7367|755.879,324.8242|396.0
100|647774.0069,476199.2715|-164.8194,-506.6447|396.0
101|709708.5325,398821.7934|82.2882,-335.0782|493.0
102|190468.5965,565570.2216|706.5236,-261.4366|336.0
103|564688.4895,475799.5431|-101.7487,-486.8886|377.0
104|714264.7755,849678.8816|528.948,8.0888|314.0
105|149569.5576,962295.3297|122.093,-527.7903|472.0
106|886078.2891,650526.8029|855.3531,-236.2651|368.0
107|535724.9829,753591.6379|603.1247,-1.8146|382.0
108|227602.8057,1053809.4077|360.8704,31.404|457.0
109|578618.4268,767777.2708|883.2498,-256.6491|477.0
110|594615.026,435127.5644|796.8822,116.0256|457.0
111|192116.8292,212212.6952|723.3097,97.3192|485.0
112|133616.9955,832835.5072|-107.7963,281.346|448.0
113|292993.4801,235212.4386|886.6915,-370.6697|390.0
114|163675.0116,216601.443|57.1647,-385.0602|446.0
115|597853.4455,591801.8428|95.82,-570.798|415.0
116|493902.849,318596.2437|421.173,-513.7354|304.0
117|700955.8288,800528.7849|87.0444,49.3773|483.0
118|500276.3706,825917.8931|665.8495,142.9584|469.0
119|-379851.9346,884781.7186|874.469,-544.4807|436.0
120|172082.0907,802525.1336|663.6352,214.5432|463.0
121|210640.4025,680086.2776|98.8886,-584.9927|487.0
122|855089.1775,733453.8915|-107.852,13.0337|370.0
123|216354.9655,486502.0618|231.5886,-301.8651|406.0
124|1072500.3403,828029.0259|378.4553,-93.7821|422.0
125|65836.3485,312379.4549|663.9371,51.8089|452.0
126|7327.3118,487359.9441|169.3767,250.5993|369.0
127|270488.8689,906170.0994|810.6443,-105.0879|346.0
128|147603.2362,895209.4905|185.3934,-477.3283|415.0
129|22990.7681,1280593.8748|-218.8251,151.2134|470.0
130|941465.8826,756113.166|158.3788,-109.7965|357.0
131|236795.2213,1172090.3467|604.8113,-319.9564|302.0
132|462480.0198,314803.7032|171.0438,289.6726|303.0
133|1246400.7242,604331.0019|52.8673,-49.5633|492.0
134|503517.1144,966919.8697|330.8426,-463.7234|468.0
135|-77449.4563,615086.3778|-18.2614,0.2744|323.0
136|301172.6643,157916.397|512.7953,155.89|375.0
137|-102498.5461,717133.7473|418.3995,-378.0913|342.0
138|178669.2414,798603.8229|811.2953,-499.3459|380.0
139|-165707.4728,967298.1444|165.7462,-193.4509|430.0
140|615120.8072,899226.0483|-10.0648,-146.7266|451.0
141|183373.6393,483197.2004|785.0837,-259.938|375.0
142|195842.9291,963682.3041|615.9049,-520.5796|460.0
143|423885.1464,620736.2388|508.0095,-456.3171|470.0
144|259901.6843,837189.6506|502.1598,-394.343|477.0
145|192704.7701,591425.6216|162.0448,-435.2224|382.0
146|548612.3095,877350.7166|112.8268,124.7801|488.0
147|661264.1884,369233.5407|280.3457,254.529|485.0
148|329659.0743,340141.0573|-79.573,-178.436|433.0
149|582183.5753,605500.0491|-206.3951,-321.9809|364.0
150|345913.6257,915355.0757|895.9583,122.2389|417.0
151|199761.0702,960242.8678|823.7802,-265.7914|495.0
152|280503.912,220865.5824|427.4942,80.6759|352.0
153|184490.9838,1152739.4547|110.8203,-586.618|345.0
154|619580.8032,805804.2402|748.739,242.4837|409.0
155|107454.5665,402972.6172|814.9971,104.6363|346.0
156|536919.2257,633173.3707|54.0894,-567.1379|370.0
157|678210.7796,354250.9221|131.7434,98.439|323.0
158|748074.0552,651052.4158|684.4223,-544.3101|443.0
159|134977.5174,328931.4887|873.4126,-278.1035|399.0
160|286689.1762,915978.6538|-23.1184,-165.403|452.0
161|573230.2559,1031148.3483|758.561,327.9541|397.0
162|156612.2143,884247.7432|531.7235,-528.5934|374.0
163|307001.997,1200324.428|-150.4562,213.6322|327.0
164|391692.4789,495981.5806|417.7217,206.3605|321.0
165|500490.5016,833778.106|660.2127,-529.6096|354.0
166|-92576.1405,1024424.8111|604.0579,-347.3959|444.0
167|831328.9853,803725.2962|247.1971,319.0744|349.0
168|278448.1615,725050.6005|314.1003,-613.4441|374.0
169|360071.8178,270064.9055|-110.2223,-254.7573|319.0
170|20631.5897,505963.3768|182.8261,-65.448|408.0
171|289242.2288,573066.7484|440.953,-264.3754|365.0
172|591325.2452,468866.7725|597.8868,-176.5391|423.0
173|527656.6361,879808.5781|777.476,-580.1952|466.0
174|-231315.6323,946717.1872|368.9124,-184.8579|423.0
175|48820.9458,693789.7136|715.1451,-535.0938|338.0
176|335674.9648,484423.934|-121.0234,21.9902|362.0
177|515937.2707,703655.2109|662.6807,-179.9343|367.0
178|645802.9387,993082.2868|560.6181,-234.073|424.0
179|-271869.6317,694805.8742|333.0021,56.4688|424.0
180|43551.3094,493890.1943|515.1655,-93.8894|408.0
181|562898.2192,384798.7517|424.138,39.3475|356.0
182|835544.9363,498780.5891|672.7924,-609.4209|371.0
183|711712.5958,941808.9521|191.6325,-429.0381|375.0
184|559607.7695,622490.0218|0.1354,-322.0594|313.0
185|-289954.6896,645238.0238|-128.7488,-250.3495|437.0
186|-67251.208,324987.6315|251.3441,-77.3217|464.0
187|426468.0467,749923.9733|836.0066,14.6758|400.0
188|269379.6588,630472.827|86.1703,-494.8969|406.0
189|120515.0572,744168.8074|55.3263,-539.1099|307.0
190|639303.9158,637455.1096|356.8955,-116.8058|362.0
191|454467.0822,364510.1176|100.4983,267.3957|462.0
192|215716.3963,800610.3327|888.4081,145.006|352.0
193|685695.6141,265294.722|618.0365,217.1712|312.0
194|630494.5348,750323.7939|-141.154,-12.442|359.0
195|222321.0074,525827.0251|582.1837,204.2398|302.0
196|508804.183,974289.8774|753.7631,-535.6976|401.0
197|738947.0223,763265.9968|101.4499,309.6467|413.0
198|605510.7987,651738.8955|49.8144,193.0874|465.0
199|1175593.83,676494.9828|222.3899,-525.6845|455.0
200|309348.2295,640214.3489|-181.2856,-340.3133|446.0
201|160248.8788,238042.4714|439.5828,130.573|401.0
202|331330.3262,875848.7319|509.9817,-536.3474|457.0
203|659023.6924,682356.0685|-75.426,-35.5865|377.0
204|68054.4631,1107912.4217|190.0843,251.1605|410.0
205|674257.8615,805933.5167|886.4546,-474.0063|327.0
206|202898.6225,714383.2791|148.7375,-509.2696|446.0
207|-219129.9562,671042.6121|583.8532,69.16|459.0
208|378997.1374,769463.5908|-18.1969,-456.1181|472.0
209|271167.2097,984885.5108|414.497,15.7975|409.0
210|755389.6053,644066.2457|425.9552,163.8993|428.0
211|1034000.2905,752720.2673|160.0272,-206.4544|494.0
212|65773.6572,615524.9129|340.2265,-429.3262|392.0
213|231137.1197,658220.4602|86.6178,-102.0433|394.0
214|423022.0642,585062.8143|812.9712,116.1991|494.0
215|391418.4908,153720.9694|600.0711,-605.3648|473.0
216|425980.2996,928813.9829|779.1112,-108.6959|341.0
217|282649.8775,527130.6935|-181.2342,-532.2359|328.0
218|393249.15,709670.1763|71.7088,-407.0477|360.0
219|20126.9852,775358.0807|83.6333,45.8101|451.0
220|1106536.9241,610949.4907|626.063,168.001|480.0
221|443479.0266,731315.8148|-30.3397,102.3896|458.0
222|388921.3018,359668.1892|-22.8572,250.0901|384.0
223|847711.8354,398277.8445|379.887,-614.0649|344.0
224|54541.6899,801865.8856|303.5251,-411.234|302.0
225|94613.1967,1097721.5681|818.5096,-90.4863|445.0
226|226891.0721,860359.8684|-68.9319,-18.0268|443.0
227|450034.713,1204918.7454|889.7983,-263.2262|400.0
228|348053.7481,967662.4044|574.6644,-501.1526|429.0
229|-22747.7118,210229.7003|641.3238,-399.7134|349.0
230|-270133.6133,711188.4212|879.8769,-560.9228|389.0
231|20367.1521,419388.3806|901.2317,-409.1032|304.0
232|190380.6146,627742.1814|434.2468,222.4336|498.0
233|-7027.9827,792413.5529|125.1433,-171.8398|422.0
234|468925.0512,770804.4499|56.7858,-291.6815|479.0
235|142084.8587,223829.8997|715.1918,-264.7646|352.0
236|288880.1546,580275.225|-88.6038,-549.9608|390.0
237|593582.6165,515051.2594|213.4258,-422.0546|304.0
238|218358.9543,1095639.8549|699.7255,341.4396|346.0
239|463356.4539,489486.3949|158.2238,-160.4008|398.0
240|169673.5462,764181.7735|-94.1855,-89.5976|401.0
241|472119.7846,433301.9231|365.7832,130.6631|381.0
242|559614.2079,457968.9098|771.4549,-375.4337|366.0
243|728004.4203,322179.6629|-17.0877,-468.5234|368.0
244|751219.737,666798.4097|-25.649,-258.993|466.0
245|531849.944,1188322.0762|850.381,-331.388|368.0
246|-65479.8634,867324.1004|574.2127,-503.7347|379.0
247|712332.9122,593031.0782|460.3218,-392.8582|371.0
248|552921.8597,686519.8891|708.0835,32.8036|460.0
249|254997.669,687276.1455|101.6134,170.8922|459.0
250|954340.4981,673580.175|564.6111,-511.199|315.0
251|305489.5923,822843.3706|-101.1658,129.5623|450.0
252|322302.6778,649010.8809|743.8359,296.3203|498.0
253|502342.483,390381.3001|864.05,233.0152|411.0
254|291598.6209,722713.5837|819.8185,-71.754|335.0
255|762693.3995,726821.23|580.6446,-203.1632|376.0
256|371055.6525,650231.166|38.4423,-295.7054|324.0
257|562693.1674,265868.2951|430.4175,-569.5891|373.0
258|446961.2227,408095.8252|718.3684,-335.6222|434.0
259|313224.7154,333612.6029|832.2613,-207.2266|338.0
260|49976.9574,202940.1544|259.0117,-580.7133|462.0
261|250817.2946,1138189.875|543.012,-536.8674|365.0
262|290883.4254,116791.3022|89.0765,7.9053|445.0
263|134041.2896,887384.0987|118.9737,102.0788|425.0
264|206758.991,1131725.5856|533.1861,300.0197|466.0
265|-126987.5928,609560.182|519.9254,-189.2949|411.0
266|561078.7114,792987.7907|87.5724,-121.1815|328.0
267|264879.7205,594090.755|-165.8567,-159.9883|327.0
268|547259.6481,1025776.7625|-5.8873,-400.0264|364.0
269|310987.7732,688364.6199|606.6454,-101.3844|365.0
270|364388.9921,999924.1085|460.5982,-89.7186|357.0
271|526866.9969,372937.0109|297.7388,-85.3019|496.0
272|-38426.9666,708914.2188|310.567,-80.5741|439.0
273|578599.7476,862409.9276|896.9976,-585.0279|488.0
274|55630.6418,322736.0904|862.771,-263.1955|452.0
275|118174.5038,556937.2064|462.5811,278.8232|327.0
276|139369.2512,1014561.5425|458.8283,343.4878|462.0
277|671277.9286,1073965.9773|86.1668,-470.3137|324.0
278|588192.754,643631.7896|177.6619,-210.9486|432.0
279|46438.3457,820209.129|695.1054,-590.0499|396.0
280|323862.8502,670048.2628|533.4077,-531.5769|317.0
281|119657.3803,424645.5046|603.6313,258.4539|343.0
282|352131.1921,389091.4397|493.3168,-325.1348|412.0
283|386350.8814,1195566.5779|3.5863,-260.5355|337.0
284|73761.5216,414542.2981|-195.6231,-304.1801|433.0
285|635591.146,543785.7676|152.3843,-445.2147|394.0
286|-66059.49,530558.2542|828.7755,-106.5504|412.0
287|96046.9281,832207.3676|535.6599,-37.6012|465.0
288|121412.9761,743171.4811|800.0524,-98.0327|476.0
289|381136.0884,446075.3124|235.692,106.3787|485.0
290|193772.5293,768490.9053|-85.843,-463.3317|343.0
291|962198.7002,494433.0256|-41.8221,310.7967|466.0
292|212046.3448,836117.8371|152.0836,200.515|411.0
293|445090.2901,228281.0044|640.0419,198.1862|443.0
294|476588.9648,414547.5553|251.2995,-107.5484|463.0
295|-52414.3733,340242.5949|205.0511,-129.3057|372.0
296|-52299.7498,379274.2493|293.1806,124.8899|469.0
297|133682.2809,479098.8958|587.8004,-69.1149|492.0
298|-44137.4021,1173319.884|609.3228,-350.5659|408.0
299|84767.2907,449114.2508|-187.4352,-415.5318|463.0
300|396451.3491,261498.411|703.1734,-112.7208|395.0
301|67865.6775,582668.8131|209.3988,-26.463|434.0
302|379586.3135,585037.6914|92.1846,-280.0488|405.0
303|13878.7527,651396.5319|749.0663,-390.2529|355.0
304|309998.6186,581577.7806|813.4252,-36.2468|499.0
305|-165366.5263,827931.9142|-14.0532,-151.9545|387.0
306|312145.9889,343612.6878|-168.1807,98.9688|301.0
307|169601.869,361602.6008|7.4381,174.911|375.0
308|445410.1454,559737.9479|356.2495,-323.7913|477.0
309|674966.2367,1049063.1334|376.463,-196.7436|479.0
310|-269778.4827,940762.6407|-19.0763,-322.0577|450.0
311|344955.9945,841393.5949|276.4129,210.2608|429.0
312|442989.7692,501317.7014|556.6406,-484.3408|449.0
313|359527.6697,751193.5498|320.4742,-136.2778|384.0
314|421970.8646,534382.6031|845.2269,-6.8811|372.0
315|137967.9862,600282.149|-87.0954,13.6088|430.0
316|910206.2326,475987.0681|234.4964,254.0434|446.0
317|233305.0568,520498.2352|468.4559,-571.1505|424.0
318|46338.5394,411838.998|248.3353,-621.7617|308.0
319|252984.1606,759462.0871|479.544,295.3499|431.0
320|323983.7767,1151009.0952|390.0683,252.266|328.0
321|290613.7795,531797.371|-191.7929,-323.5562|355.0
322|487471.3414,570423.3371|709.0018,-536.6708|387.0
323|192905.7166,571217.5009|-136.6336,-78.4899|405.0
324|405972.9303,1010722.4207|567.8747,13.8335|446.0
325|733614.906,369445.3775|585.874,217.8877|457.0
326|213086.9194,562427.2626|494.1482,257.4442|368.0
327|681209.0481,605236.7794|207.9778,14.0746|473.0
328|470369.2737,874460.0234|812.1771,329.4565|476.0
329|405794.2322,418037.4634|-77.5636,-182.9468|310.0
330|204139.1042,453282.2673|592.7732,231.7236|479.0
331|285388.9723,932353.8441|649.0983,-182.8788|398.0
332|649933.5208,633112.9894|672.2273,-225.9773|445.0
333|211801.0944,696759.3216|644.8267,-284.8768|450.0
334|618894.0944,762417.938|76.0072,-465.3|483.0
335|514599.5519,241559.543|155.9397,-77.3427|384.0
336|273579.2255,493021.7689|39.1795,-578.416|331.0
337|-244123.5369,950462.7434|871.5413,270.9406|331.0
338|201959.9345,630634.4283|419.1297,-595.4539|445.0
339|612311.2447,436976.937|636.4039,283.529|465.0
340|-491092.0348,778719.0172|615.9406,-353.5026|412.0
341|267661.2587,720859.0379|78.0045,-313.9659|337.0
342|163491.076,516110.5832|435.6815,-167.8043|360.0
343|362510.7346,641406.4494|-170.3581,5.7468|379.0
344|99728.4057,987146.514|470.8799,-218.2587|429.0
345|413353.6475,716663.6405|-142.056,-413.1568|341.0
346|403211.5784,795813.8363|206.4622,-488.4892|304.0
347|562256.5653,788840.6617|133.8293,-79.1452|486.0
348|618993.989,645411.3445|-98.7991,218.7209|390.0
349|35249.2258,721827.9008|322.7015,162.1815|428.0
350|184863.6123,567180.02|701.1894,-529.6439|405.0
351|452838.3433,717082.1753|907.2569,-171.0731|325.0
352|422841.6672,844176.4212|150.8321,99.6432|420.0
353|473049.3394,398559.8783|203.2691,291.554|471.0
354|350897.6091,648188.4629|28.3671,-272.558|314.0
355|-342773.5169,1060711.113|265.1936,-355.4799|480.0
356|688018.3011,378814.6357|860.4298,-364.3562|463.0
357|824062.5347,1060811.1193|34.7223,247.2865|478.0
358|559009.0047,593558.2218|-5.8485,321.5377|309.0
359|-158435.1196,524009.1297|-194.7792,-440.6393|349.0
360|598979.4205,793823.1495|302.1254,-472.8413|375.0
361|663274.4819,528025.4314|763.6802,-151.7644|482.0
362|391961.5571,1247916.9552|224.2468,264.0102|428.0
363|410791.5372,917554.7784|62.72,-258.057|447.0
364|462860.9639,1148881.8837|387.8189,-476.7969|343.0
365|414939.7303,1143685.57|461.8656,-124.0004|441.0
366|-213416.6159,1164100.2861|207.8229,-472.7144|358.0
367|613838.0383,772073.5444|311.1741,-578.5676|396.0
368|158013.1532,615158.1694|354.0127,184.0108|360.0
369|369378.166,641611.5528|0.2374,44.4189|491.0
370|241265.6611,747267.0396|461.2927,-550.38|372.0
371|694722.5861,324165.087|897.2882,-123.8711|416.0
372|-251913.0654,333930.6006|34.2408,-230.8107|434.0
373|452709.3739,532278.692|389.7543,-462.1741|317.0
374|477911.8567,510205.2145|-70.3415,-315.0959|387.0
375|301924.6021,620054.5525|889.2227,53.0242|312.0
376|-209157.186,488271.2316|269.7675,-566.2791|376.0
377|171289.1372,721005.2742|796.5883,57.6746|341.0
378|-72328.0648,680718.7189|455.9156,220.6359|366.0
379|167487.6678,722620.0801|19.213,132.4552|437.0
380|139598.0517,565901.5618|413.6826,129.6179|447.0
381|-62625.5353,394926.0507|76.4222,296.3981|338.0
382|540830.73,696872.5441|90.0873,336.6627|454.0
383|711585.5937,1034092.2067|253.0311,-599.2594|446.0
384|-207563.7908,-42631.8922|622.5587,-216.7499|366.0
385|837864.1279,774906.3142|445.3052,209.2823|460.0
386|513667.6959,450486.0391|421.1884,-194.5486|498.0
387|685160.0968,373219.4243|164.4681,-271.5391|403.0
388|421546.3506,806291.9004|-169.6658,220.2563|481.0
389|491262.5631,593142.1414|764.5978,-608.7883|448.0
390|604625.2237,285293.5441|118.0461,-607.1874|340.0
391|279104.8574,527389.5935|78.0866,-565.2977|448.0
392|323550.6303,1141144.9791|31.6746,-47.1002|392.0
393|362257.0717,259081.0508|240.5162,178.4074|325.0
394|-232820.9267,657598.2528|598.7929,232.338|420.0
395|-79948.9977,847599.9384|345.5516,-233.2346|407.0
396|108740.5458,835191.958|538.4844,-474.1124|382.0
397|663598.9027,1009524.9254|215.7517,0.0938|439.0
398|675240.2858,489894.168|408.2555,-309.7677|483.0
399|423273.9529,584402.5275|-190.1202,266.3275|498.0
400|600528.721,1163879.6769|418.8057,-73.265|423.0
401|-164355.2442,955117.5994|-146.6654,217.833|415.0
402|625245.3618,728040.9252|108.4042,249.2425|339.0
403|703068.8765,591734.2106|-138.3031,-147.9947|407.0
404|592149.2352,464479.251|43.6642,-195.5723|349.0
405|224824.8634,490269.4172|-48.2661,-474.4569|431.0
406|-13919.4635,152280.1899|285.1995,-442.9763|343.0
407|58835.7958,277285.2754|267.5905,-315.6521|365.0
408|674879.3436,764748.4462|576.2014,-294.2023|475.0
409|384018.4084,860915.6695|743.2355,-413.6449|457.0
410|628927.6641,526458.2947|-22.595,-0.4617|369.0
411|369320.5447,434996.6759|651.254,-359.2423|403.0
412|-451606.6914,413871.7714|205.4055,-553.5582|335.0
413|430891.9626,627760.9002|912.0758,18.7638|371.0
414|1028186.0935,417802.2628|161.441,-45.3847|351.0
415|315871.873,373729.2208|825.5813,-87.5662|341.0
416|212052.3273,983516.9103|476.9252,294.969|345.0
417|-29649.1231,816112.7508|-76.0837,-64.3942|382.0
418|570197.7647,370025.3233|360.8726,-388.7505|453.0
419|310176.3308,415544.9463|123.8039,-292.9858|372.0
420|336670.4625,633815.4238|565.0302,69.0436|336.0
421|334945.4967,904274.0423|843.9377,126.3642|317.0
422|-208629.5752,983789.4239|-132.1402,17.9575|376.0
423|556969.9268,1030481.9652|906.4951,-105.6197|431.0
424|585576.9398,668176.3382|161.5898,-255.3831|314.0
425|259833.9256,738347.1978|-116.8972,164.5509|463.0
426|216611.7726,755627.1848|10.9298,-233.2883|413.0
427|108110.4325,695366.8811|172.6411,-446.7806|391.0
428|271854.2349,511118.6563|-100.5735,-189.0317|372.0
429|-106020.3089,92056.2333|907.6644,66.9462|331.0
430|509264.6937,818354.9378|771.6031,-528.3554|396.0
431|227478.3027,77725.0233|233.3134,226.1547|306.0
432|468539.5662,534040.0207|333.914,-52.5656|300.0
433|118772.3909,790333.8803|433.8405,165.7733|486.0
434|290050.6511,463990.0476|215.1481,-140.022|333.0
435|714429.424,706850.0522|820.5338,186.3963|407.0
436|281409.6317,397625.7875|-34.4847,129.0024|499.0
437|361911.2956,876785.0082|535.308,9.1274|436.0
438|610606.6568,543395.5402|-181.211,-375.2071|328.0
439|380938.8403,576755.3191|524.5259,-246.8424|487.0
440|614290.7389,584353.4361|899.7707,-58.7516|424.0
441|266610.306,-120875.6389|453.3234,-210.8858|443.0
442|263111.181,942897.3011|277.5562,-212.0011|338.0
443|476994.9921,624816.2918|599.4022,67.987|389.0
444|172632.1649,447219.3132|125.3072,-107.7616|473.0
445|-35909.5353,527078.3064|268.131,-332.9567|428.0
446|398140.4693,730856.015|-219.9306,-379.33|315.0
447|128496.6016,772062.6467|736.2736,344.4594|336.0
448|424778.4312,760825.9388|532.4036,-32.0239|300.0
449|561929.7941,740963.6038|62.3457,-150.1383|494.0
450|274661.6533,716843.7669|182.0371,-49.7146|464.0
451|173145.2795,1035511.6027|608.2251,-474.59|439.0
452|661983.9186,667038.7679|705.7771,-549.7778|478.0
453|616079.1556,129901.461|-179.2506,250.4547|369.0
454|597222.5591,963084.6214|-54.975,26.0213|434.0
455|202561.1574,722520.6312|722.3955,-78.066|438.0
456|790.0255,893908.8359|369.2631,-203.6958|402.0
457|235972.9953,475497.2235|366.2798,258.0367|385.0
458|783148.8959,874834.0325|296.8775,340.7714|441.0
459|534902.8452,681069.7996|497.1511,35.5874|320.0
460|349315.7655,747427.5708|685.3204,-95.8252|360.0
461|513794.9138,807460.9954|782.2092,209.2336|366.0
462|332423.5497,433220.7269|136.3023,-324.4915|435.0
463|356345.7072,754673.4841|27.6486,-403.8483|385.0
464|174971.1974,698603.1845|110.5671,-228.3176|380.0
465|490299.7811,741884.1317|698.06,-502.4865|371.0
466|800434.6658,836044.3346|459.0032,268.2992|396.0
467|211573.5904,439620.2778|8.851,278.1163|315.0
468|386033.6395,645713.0881|-99.8289,-457.3728|348.0
469|274757.4415,876429.8726|668.0989,-539.5537|328.0
470|303666.4371,1154410.7832|685.8809,-429.4255|483.0
471|564626.59,812967.4412|555.7221,-531.2565|458.0
472|466085.8469,636189.7235|-156.3227,18.7337|385.0
473|-105561.7313,314654.1485|-123.5762,-163.764|440.0
474|319580.7425,349077.1329|187.8851,315.0274|357.0
475|-106696.3126,510993.396|152.3277,-220.8084|396.0
476|511226.3097,718381.9043|421.6301,-399.5353|355.0
477|654150.5639,466015.6069|774.7861,-539.546|313.0
478|426278.3674,797764.1102|768.1848,111.8243|372.0
479|317844.2095,1001221.738|406.9485,-579.848|377.0
480|104861.7005,852817.0998|357.9391,-220.4306|415.0
481|286742.1858,601997.0127|193.7387,154.4026|468.0
482|-286392.9699,626644.3211|712.1635,-302.4839|434.0
483|349045.9716,599178.1374|593.9006,-66.4007|305.0
484|376187.9397,823921.0009|17.115,99.6595|305.0
485|216903.6277,696148.019|136.9523,-180.845|452.0
486|575356.2114,433210.5336|450.1562,-358.0567|336.0
487|-9413.6708,717111.2814|79.7458,140.3519|448.0
488|781009.0182,481412.629|-16.8049,-376.8897|404.0
489|256983.9243,1184135.9276|749.3535,53.8783|425.0
490|479836.5705,582905.4062|135.941,-67.2167|414.0
491|915541.6312,933828.7806|619.8783,-566.5471|327.0
492|302587.3108,766496.1635|470.0759,-518.6705|370.0
493|556871.5896,383577.9446|780.0873,-504.0621|447.0
494|226970.4198,925543.4424|789.3063,288.6047|429.0
495|138376.2656,721741.4034|726.054,196.8353|471.0
496|98329.3802,629799.6677|96.6615,-421.0465|492.0
497|275890.6612,423781.6298|-165.6629,-107.271|482.0
498|119423.2263,559240.031|-35.8596,208.4268|317.0
